Feature,Correlation_with_Error,P_Value,Significant,Abs_Correlation
Feature 6,-0.0931200129593819,0.037384517642267676,Yes,0.0931200129593819
Feature 4,-0.046221605187967224,0.302301231906334,No,0.046221605187967224
Feature 1,0.03432025751077223,0.44383749888401164,No,0.03432025751077223
Feature 3,0.019117331063847588,0.6697832021380637,No,0.019117331063847588
Feature 5,-0.013264771910900728,0.7673217578400477,No,0.013264771910900728
Feature 2,0.0035085851069275214,0.9376226455114185,No,0.0035085851069275214
